museo,nom,ville,latitude,longitude,pop_coordonnees,nom_search,ville_src
M0747,écomusée,SAINT NAZAIRE,47.273813,-2.198174,"47.273813,-2.198174",,Saint-Nazaire
M0205,musée,PONT AVEN,47.855497,-3.747155,"47.855497,-3.747155",,Pont-Aven
M0424,Musée Adrien Mentienne,BRY SUR MARNE,48.837058,2.520921,"48.837058,2.520921",ADRIEN MENTIENNE,Bry-sur-Marne
M0796,Musée Alexandre Dumas,VILLERS COTTERETS,49.253009,3.089691,"49.253009,3.089691",ALEXANDRE DUMAS,Villers-Cotterêts
M0707,Musée Alfred Canel,PONT AUDEMER,49.356747,0.515774,"49.356747,0.515774",ALFRED CANEL,Pont-Audemer
M0708,Musée Alphonse-Georges Poulain,VERNON,49.094855,1.484927,"49.094855,1.484927",ALPHONSE GEORGES POULAIN,Vernon
M0106,Musée Anne de Beaujeu,MOULINS,46.56707,3.331218,"46.56707,3.331218",ANNE DE BEAUJEU,Moulins
M0793,Musée Antoine Lécuyer,SAINT QUENTIN,49.849891,3.285398,"49.849891,3.285398",ANTOINE LECUYER,Saint-Quentin
M0803,Musée Antoine Vivenel,COMPIEGNE,49.417414,2.821526,"49.417414,2.821526",ANTOINE VIVENEL,Compiègne
M0436,"ARCHÉA, Archéologie en Pays de France",LOUVRES,49.041117,2.50695,"49.041117,2.50695",ARCHEA ARCHEOLOGIE EN PAYS DE FRANCE,Louvres
M0138,Musée archéologique,DIJON,48.332476,6.638243,"48.332476,6.638243",ARCHEOLOGIQUE,Dijon
M0571,Musée archéologique,EAUZE,43.862193,0.101384,"43.862193,0.101384",ARCHEOLOGIQUE,Eauze
M0472,Musée archéologique,LATTES,43.566729,3.908384,"43.566729,3.908384",ARCHEOLOGIQUE,Lattes
M0015,Musée archéologique,STRASBOURG,48.581229,7.751984,"48.581229,7.751984",ARCHEOLOGIQUE,Strasbourg
M0883,Musée archéologique de Cimiez,NICE,43.719221,7.275115,"43.719221,7.275115",ARCHEOLOGIQUE DE CIMIEZ,Nice
M0765,Musée archéologique départemental,JUBLAINS,48.255526,-0.496863,"48.255526,-0.496863",ARCHEOLOGIQUE DEPARTEMENTAL,Jublains
M0434,Musée Archéologique départemental du Val-d'Oise,GUIRY EN VEXIN,49.108589,1.849395,"49.108589,1.849395",ARCHEOLOGIQUE DEPARTEMENTAL DU VAL D OISE,Guiry-en-Vexin
M0848,Musée archéologique et d'ethnographie locale,CHAUVIGNY,46.57103543157692,0.6478487283875319,"46.57103543157692,0.6478487283875319",ARCHEOLOGIQUE ET D ETHNOGRAPHIE LOCALE,Chauvigny
M0790,Musée archéologique municipal,LAON,49.563206,3.626781,"49.563206,3.626781",ARCHEOLOGIQUE MUNICIPAL,Laon
M0291,Musée Arthur Rimbaud,CHARLEVILLE MEZIERES,49.776034,4.720613,"49.776034,4.720613",ARTHUR RIMBAUD,Charleville-Mézières
M0159,Musée Auguste Grasset,VARZY,47.359898,3.388044,"47.359898,3.388044",AUGUSTE GRASSET,Varzy
M0120,Musée Bargoin,CLERMONT FERRAND,45.774229,3.0869,"45.774229,3.0869",BARGOIN,Clermont-Ferrand
M0357,Musée Baron Martin,GRAY,47.446411,5.592781,"47.446411,5.592781",BARON MARTIN,Gray
M0927,Musée Baroncelli,SAINTES MARIES DE LA MER,43.45124,4.427775,"43.45124,4.427775",BARONCELLI,Saintes-Maries-de-la-Mer
M0517,Musée Barrois,BAR LE DUC,48.771797,5.156074,"48.771797,5.156074",BARROIS,Bar-le-Duc
M0093,Musée Basque et de l'Histoire de Bayonne,BAYONNE,43.491093,-1.473823,"43.491093,-1.473823",BASQUE ET DE L HISTOIRE DE BAYONNE,Bayonne
M0841,Musée Bernard d'Agesci,NIORT,46.321065,-0.454107,"46.321065,-0.454107",BERNARD D AGESCI,Niort
M0247,Musée Bertrand,CHATEAUROUX,46.813737,1.694262,"46.813737,1.694262",BERTRAND,Châteauroux
B9001,Bibliothèque de l'Assemblée Nationale,PARIS,48.86215,2.31897,"48.86215,2.31897",BIBLIOTHEQUE DE L ASSEMBLEE NATIONALE,Paris
B9003,Bibliothèque municipale de Besançon,BESANCON,47.23649,6.0274,"47.23649,6.0274",BIBLIOTHEQUE MUNICIPALE DE BESANCON,Besançon
B9002,Bibliothèque municipale de Grasse,GRASSE,43.65559,6.91736,"43.65559,6.91736",BIBLIOTHEQUE MUNICIPALE DE GRASSE,Grasse
M0956,musée-bibliothèque Pétrarque,FONTAINE DE VAUCLUSE,43.91753,5.056541,"43.91753,5.056541",BIBLIOTHEQUE PETRARQUE,Fontaine-de-Vaucluse
M0132,Musée Bonaparte,AUXONNE,47.193906,5.386985,"47.193906,5.386985",BONAPARTE,Auxonne
M0094,"musée Bonnat-Helleu, musée des Beaux-Arts de Bayonne",BAYONNE,43.492108,-1.472299,"43.492108,-1.472299",BONNAT HELLEU DES BEAUX ARTS DE BAYONNE,Bayonne
M0811,Musée Boucher de Perthes,ABBEVILLE,50.10712,1.833193,"50.10712,1.833193",BOUCHER DE PERTHES,Abbeville
M0013,Cabinet des Estampes et des Dessins,STRASBOURG,48.581108,7.750829,"48.581108,7.750829",CABINET DES ESTAMPES ET DES DESSINS,Strasbourg
M0946,Musée Calvet (et musée Lapidaire),AVIGNON,43.946985,4.803388,"43.946985,4.803388",CALVET ET LAPIDAIRE,Avignon
M0301,Musée Camille Claudel,NOGENT SUR SEINE,48.253639,4.458291,"48.253639,4.458291",CAMILLE CLAUDEL,Nogent-sur-Seine
M0915,Musée Cantini,MARSEILLE,43.292383,5.378137,"43.292383,5.378137",CANTINI,Marseille
M0067,CAPC-musée d'Art Contemporain,BORDEAUX,44.848186,-0.572137,"44.848186,-0.572137",CAPC D ART CONTEMPORAIN,Bordeaux
M1104,Musée Carnavalet – histoire de Paris,PARIS,48.85699,2.362856,"48.85699,2.362856",CARNAVALET – HISTOIRE DE PARIS,Paris
M0459,Carré d'art - musée d'art contemporain,NIMES,43.837904,4.35616,"43.837904,4.35616",CARRE D ART D ART CONTEMPORAIN,Nîmes
M1106,"musée Cernuschi, musée des arts de l’Asie de la ville de Paris",PARIS,48.879693,2.312194,"48.879693,2.312194",CERNUSCHI DES ARTS DE L’ASIE DE LA VILLE DE PARIS,Paris
M0452,Musée Cévenol,LE VIGAN,43.988997,3.606934,"43.988997,3.606934",CEVENOL,Le Vigan
M0578,Musée Champollion,FIGEAC,44.609472,2.034599,"44.609472,2.034599",CHAMPOLLION,Figeac
M0541,Musée Charles Friry,REMIREMONT,48.015174,6.590031,"48.015174,6.590031",CHARLES FRIRY,Remiremont
M0712,Château-musée,DIEPPE,49.923908,1.071756,"49.923908,1.071756",CHATEAU,Dieppe
M1052,musée-château,ANNECY,45.897263,6.124916,"45.897263,6.124916",CHATEAU,Annecy
M0271,Château musées,BLOIS,47.586091,1.332102,"47.586091,1.332102",CHATEAU,Blois
M0282,"Château-musée de Gien : chasse, histoire et nature en Val-de-Loire",GIEN,47.68592,2.630092,"47.68592,2.630092",CHATEAU DE GIEN  CHASSE HISTOIRE ET NATURE EN VAL DE LOIRE,Gien
M0381,château musée de Nemours,NEMOURS,48.265518,2.696157,"48.265518,2.696157",CHATEAU DE NEMOURS,Nemours
M0759,château-musée de Saumur,SAUMUR,47.241983,-0.089721,"47.241983,-0.089721",CHATEAU DE SAUMUR,Saumur
M0399,Collections de la Fondation de Coubertin,SAINT REMY LES CHEVREUSE,48.701562,2.060991,"48.701562,2.060991",COLLECTIONS DE LA FONDATION DE COUBERTIN,Saint-Rémy-lès-Chevreuse
M5052,Musée Condé,CHANTILLY,44.204302,0.648652,"44.204302,0.648652",CONDE,Chantilly
M0239,conservatoire du machinisme et des pratiques agricoles,CHARTRES MAINVILLIERS,48.44690286097676,1.4768748419423503,"48.44690286097676,1.4768748419423503",CONSERVATOIRE DU MACHINISME ET DES PRATIQUES AGRICOLES,Chartres-Mainvilliers
M0116,Musée Crozatier,LE PUY EN VELAY,45.213705,5.407486,"45.213705,5.407486",CROZATIER,Le Puy-en-Velay
M1016,Musée d'Allard,MONTBRISON,45.608241,4.06195,"45.608241,4.06195",D ALLARD,Montbrison
M0064,Musée d'Aquitaine,BORDEAUX,44.835543,-0.575205,"44.835543,-0.575205",D AQUITAINE,Bordeaux
M0919,Musée d'Archéologie Méditerranéenne,MARSEILLE,43.300172,5.367602,"43.300172,5.367602",D ARCHEOLOGIE MEDITERRANEENNE,Marseille
M1065,Musée d'archéologie précolombienne et de préhistoire de Martinique,FORT DE FRANCE,14.60331,-61.068675,"14.60331,-61.068675",D ARCHEOLOGIE PRECOLOMBIENNE ET DE PREHISTOIRE DE MARTINIQUE,Fort-de-France
M0431,Musée d'art contemporain du Val-de-Marne,VITRY SUR SEINE,48.792821,2.387072,"48.792821,2.387072",D ART CONTEMPORAIN DU VAL DE MARNE,Vitry-sur-Seine
M0503,Musée d'Art et d'Archéologie,GUERET,46.165838,1.870758,"46.165838,1.870758",D ART ET D ARCHEOLOGIE,Guéret
M0169,Musée d'Art et d'Archéologie,CLUNY,46.440646,4.659173,"46.440646,4.659173",D ART ET D ARCHEOLOGIE,Cluny
M0809,Musée d'art et d'archéologie,SENLIS,49.20653,2.585615,"49.20653,2.585615",D ART ET D ARCHEOLOGIE,Senlis
M0057,Musée d'art et d'archéologie du Périgord,PERIGUEUX,45.186039,0.72395,"45.186039,0.72395",D ART ET D ARCHEOLOGIE DU PERIGORD,Périgueux
M0754,Musée d'Art et d'Histoire,CHOLET,47.058385,-0.882284,"47.058385,-0.882284",D ART ET D HISTOIRE,Cholet
M0412,Musée d'art et d'histoire,MEUDON,48.806412,2.234894,"48.806412,2.234894",D ART ET D HISTOIRE,Meudon
M0321,Musée d'Art et d'Histoire,LANGRES,47.865268,5.333286,"47.865268,5.333286",D ART ET D HISTOIRE,Langres
M0665,Musée d'Art et d'Histoire,LISIEUX,49.144581,0.219329,"49.144581,0.219329",D ART ET D HISTOIRE,Lisieux
M0422,Musée d'Art et d'Histoire,SAINT DENIS,48.932336,2.355796,"48.932336,2.355796",D ART ET D HISTOIRE,Saint Denis
M0830,Musée d'art et d'histoire,ROCHEFORT,45.935666,-0.962523,"45.935666,-0.962523",D ART ET D HISTOIRE,Rochefort
M0196,Musée d'art et d'histoire,SAINT BRIEUC,48.512139,-2.762171,"48.512139,-2.762171",D ART ET D HISTOIRE,Saint-Brieuc
M0361,Musée d'Art et d'Histoire,BELFORT,47.642505,6.884507,"47.642505,6.884507",D ART ET D HISTOIRE,Belfort
M0875,Musée d'art et d'histoire de Provence,GRASSE,43.657615,6.922508,"43.657615,6.922508",D ART ET D HISTOIRE DE PROVENCE,Grasse
M0435,Musée d'Art et d'Histoire Louis Senlecq,L ISLE ADAM,49.112285,2.21638,"49.112285,2.21638",D ART ET D HISTOIRE LOUIS SENLECQ,L'Isle-Adam
M0150,Musée d'Art et d'Histoire Romain Rolland,CLAMECY,47.460604,3.520823,"47.460604,3.520823",D ART ET D HISTOIRE ROMAIN ROLLAND,Clamecy
M0184,Musée d'art et d'histoire Saint-Germain,AUXERRE,47.800283,3.571975,"47.800283,3.571975",D ART ET D HISTOIRE SAINT GERMAIN,Auxerre
M1023,Musée d'Art et Industrie,SAINT ETIENNE,45.431538,4.387485,"45.431538,4.387485",D ART ET INDUSTRIE,Saint-Etienne
M0302,Musée d'Art Moderne,TROYES,48.299643,4.080736,"48.299643,4.080736",D ART MODERNE,Troyes
M0488,Musée d'Art Moderne,CERET,42.485799,2.74849,"42.485799,2.74849",D ART MODERNE,Céret
M0720,Musée d'Art Moderne André Malraux - MuMa,LE HAVRE,49.484796,0.102188,"49.484796,0.102188",D ART MODERNE ANDRE MALRAUX MUMA,Le Havre
M0016,Musée d'art moderne et contemporain de Strasbourg,STRASBOURG,48.579654,7.736231,"48.579654,7.736231",D ART MODERNE ET CONTEMPORAIN DE STRASBOURG,Strasbourg
M0888,Musée d'Art Moderne et d'Art Contemporain,NICE,43.701774652556,7.278984299489203,"43.701774652556004,7.278984299489203",D ART MODERNE ET D ART CONTEMPORAIN,Nice
M0121,Musée d'Art Roger-Quilliot,CLERMONT FERRAND,45.789671,3.125215,"45.789671,3.125215",D ART ROGER QUILLIOT,Clermont-Ferrand
M1208,Musée d'art sacré,DIJON,47.317559,5.037282,"47.317559,5.037282",D ART SACRE,Dijon
M0642,Musée d'ethnologie régionale,BETHUNE,50.53621,2.648177,"50.53621,2.648177",D ETHNOLOGIE REGIONALE,Béthune
M0214,Musée d'histoire de la ville et d’ethnographie du pays malouin,SAINT MALO,48.646998,-1.990712,"48.646998,-1.990712",D HISTOIRE DE LA VILLE ET D’ETHNOGRAPHIE DU PAYS MALOUIN,Saint-Malo
M0918,Musée d'Histoire de Marseille,MARSEILLE,43.298168,5.374162,"43.298168,5.374162",D HISTOIRE DE MARSEILLE,Marseille
M0227,Musée d'histoire et d'archéologie,VANNES,47.656705,-2.757726,"47.656705,-2.757726",D HISTOIRE ET D ARCHEOLOGIE,Vannes
M7001,Musée d'histoire naturelle et de géologie,LILLE,50.626639,3.066546,"50.626639,3.066546",D HISTOIRE NATURELLE ET DE GEOLOGIE,Lille
M5060,Musée d'Orsay,PARIS,48.859157,2.323672,"48.859157,2.323672",D ORSAY,Paris
M0028,Musée d'Unterlinden,COLMAR,48.079732,7.354974,"48.079732,7.354974",D UNTERLINDEN,Colmar
M0815,Musée Danicourt,PERONNE,49.930085,2.935667,"49.930085,2.935667",DANICOURT,Péronne
M1213,Musée Daubigny,AUVERS SUR OISE,49.071480153019486,2.171783250055156,"49.071480153019486,2.171783250055156",DAUBIGNY,Auvers-sur-Oise
M0643,Musée de Boulogne-sur-Mer,BOULOGNE SUR MER,50.725617,1.616349,"50.725617,1.616349",DE BOULOGNE SUR MER,Boulogne-sur-Mer
M0212,Musée de Bretagne,RENNES,48.105455,-1.674922,"48.105455,-1.674922",DE BRETAGNE,Rennes
M0963,Musée de Brou,BOURG EN BRESSE,46.196549,5.236521,"46.196549,5.236521",DE BROU,Bourg-en-Bresse
M0615,Musée de Cambrai,CAMBRAI,50.17347,3.229635,"50.17347,3.229635",DE CAMBRAI,Cambrai
M0123,Musée de Céramique Gallo-Romaine,LEZOUX,45.827628,3.383654,"45.827628,3.383654",DE CERAMIQUE GALLO ROMAINE,Lezoux
M0617,Musée de Flandre,CASSEL,47.425106,0.841475,"47.425106,0.841475",DE FLANDRE,Cassel
M0994,Musée de Grenoble,GRENOBLE,45.194026,5.732094,"45.194026,5.732094",DE GRENOBLE,Grenoble
M1051,Musée de l'académie du Val d'Isère,MOUTIERS,45.483424,6.532778,"45.483424,6.532778",DE L ACADEMIE DU VAL D ISERE,Moutiers
M5024,Musée de l'Air et de l'Espace,LE BOURGET,48.943484,2.43014,"48.943484,2.43014",DE L AIR ET DE L ESPACE,Le Bourget
M0703,Musée de l'ancien évêché,EVREUX,49.023998,1.1502,"49.023998,1.1502",DE L ANCIEN EVECHE,Evreux
M0718,Musée de l'Ancien Havre,LE HAVRE,49.488805,0.114474,"49.488805,0.114474",DE L ANCIEN HAVRE,Le Havre
M0941,Musée de l'Annonciade,SAINT TROPEZ,43.270865,6.637291,"43.270865,6.637291",DE L ANNONCIADE,Saint-Tropez
M0315,Musée de l'Argonne Viard-Morel,SAINTE MENEHOULD,49.092086,4.897997,"49.092086,4.897997",DE L ARGONNE VIARD MOREL,Sainte-Menehould
M5025,Musée de L'Armée,PARIS,48.858219,2.312885,"48.858219,2.312885",DE L ARMEE,Paris
M1076,Musée de l'Assistance Publique - Hôpitaux de Paris,PARIS,48.838805,2.356007,"48.838805,2.356007",DE L ASSISTANCE PUBLIQUE HÔPITAUX DE PARIS,Paris
M0895,Musée de l'atelier de Paul Cézanne,AIX EN PROVENCE,43.537816,5.446601,"43.537816,5.446601",DE L ATELIER DE PAUL CEZANNE,Aix-en-Provence
M0186,Musée de l'Avallonnais - Jean Després,AVALLON,46.675142,5.556705,"46.675142,5.556705",DE L AVALLONNAIS JEAN DESPRES,Avallon
M0513,Musée de l'Ecole de Nancy,NANCY,48.680494,6.166351,"48.680494,6.166351",DE L ECOLE DE NANCY,Nancy
M5051,Musée de l'Ecole nationale supérieure des beaux-arts,PARIS,48.845748,2.33167,"48.845748,2.33167",DE L ECOLE NATIONALE SUPERIEURE DES BEAUX ARTS,Paris
M0465,Musée de l'Ephèbe,AGDE,43.298047,3.476702,"43.298047,3.476702",DE L EPHEBE,Agde
M5061,Musée de l'Histoire de France,PARIS,48.859968,2.357262,"48.859968,2.357262",DE L HISTOIRE DE FRANCE,Paris
M0420,Musée de l'histoire vivante,MONTREUIL,48.866151,2.469481,"48.866151,2.469481",DE L HISTOIRE VIVANTE,Montreuil
M0735,Musée de l'Horlogerie,SAINT NICOLAS D ALIERMONT,49.879641,1.219788,"49.879641,1.219788",DE L HORLOGERIE,Saint-Nicolas-d'Aliermont
M0248,Musée de l'Hospice Saint-Roch,ISSOUDUN,46.945408,1.994379,"46.945408,1.994379",DE L HOSPICE SAINT ROCH,Issoudun
M0650,Musée de l'Hôtel Sandelin,SAINT OMER,50.749007,2.254521,"50.749007,2.254521",DE L HÔTEL SANDELIN,Saint-Omer
M0537,Musée de l'Image,EPINAL,48.183628,6.445992,"48.183628,6.445992",DE L IMAGE,Epinal
M0010,Musée de l'Image Populaire,PFAFFENHOFFEN,48.844834,7.611365,"48.844834,7.611365",DE L IMAGE POPULAIRE,Pfaffenhoffen
M0017,Musée de l'Oeuvre Notre-Dame,STRASBOURG,48.580997,7.75136,"48.580997,7.75136",DE L OEUVRE NOTRE DAME,Strasbourg
M5030,Musée de l'Orangerie des Tuileries,PARIS,48.859868,2.346812,"48.859868,2.346812",DE L ORANGERIE DES TUILERIES,Paris
M0723,Ecomusée de la Basse-Seine,NOTRE DAME DE BLIQUETUIT,49.497518,0.757352,"49.497518,0.757352",DE LA BASSE SEINE,Notre-Dame-de-Bliquetuit
M0023,Musée de La Bataille du 6 août 1870,WOERTH,48.938618,7.747992,"48.938618,7.747992",DE LA BATAILLE DU 6 AOUT 1870,Woerth
M0903,Musée de la Camargue,ARLES,43.621888,4.526601,"43.621888,4.526601",DE LA CAMARGUE,Arles
M1195,Musée de la carte postale,BAUD,47.875046,-3.016911,"47.875046,-3.016911",DE LA CARTE POSTALE,Baud
M0872,Musée de La Castre,CANNES,43.551515,7.010034,"43.551515,7.010034",DE LA CASTRE,Cannes
M0730,Musée de la Céramique,ROUEN,49.445543,1.093846,"49.445543,1.093846",DE LA CERAMIQUE,Rouen
M0619,Musée de la Chartreuse,DOUAI,50.374404,3.07548,"50.374404,3.07548",DE LA CHARTREUSE,Douai
M0363,Musée de la Chasse et de la Nature,PARIS,48.861491,2.358608,"48.861491,2.358608",DE LA CHASSE ET DE LA NATURE,Paris
M0170,écomusée de la communauté Le Creusot-Monceau-les-Mines,LE CREUSOT,46.805634,4.419335,"46.805634,4.419335",DE LA COMMUNAUTE LE CREUSOT MONCEAU LES MINES,Le Creusot
M0224,Musée de La Compagnie des Indes,LORIENT,47.709147,-3.362581,"47.709147,-3.362581",DE LA COMPAGNIE DES INDES,Lorient
M0529,Musée de la Cour d'or,METZ,49.121051,6.177978,"49.121051,6.177978",DE LA COUR D OR,Metz
M0533,Musée de la faïence et des techniques faïencières,SARREGUEMINES,49.109069,7.070473,"49.109069,7.070473",DE LA FAIENCE ET DES TECHNIQUES FAIENCIERES,Sarreguemines
M0155,Musée de la faïence Frédéric Blandin,NEVERS,46.98629,3.155037,"46.98629,3.155037",DE LA FAIENCE FREDERIC BLANDIN,Nevers
M1171,Musée de la Grande Guerre,MEAUX,48.955281,2.901461,"48.955281,2.901461",DE LA GRANDE GUERRE,Meaux
M0353,Musée de la Grande Saline,SALINS LES BAINS,46.937242,5.876684,"46.937242,5.876684",DE LA GRANDE SALINE,Salins-les-Bains
M0151,Musée de la Loire,COSNE COURS SUR LOIRE,47.410548,2.922768,"47.410548,2.922768",DE LA LOIRE,Cosne-Cours-sur-Loire
M0538,Musée de la lutherie,MIRECOURT,48.589446,6.505708,"48.589446,6.505708",DE LA LUTHERIE,Mirecourt
M0280,Musée de la Marine de Loire,CHATEAUNEUF SUR LOIRE,47.865212,2.219187,"47.865212,2.219187",DE LA MARINE DE LOIRE,Châteauneuf-sur-Loire
M0711,Musée de la marine de Seine,CAUDEBEC EN CAUX,49.524671,0.72058,"49.524671,0.72058",DE LA MARINE DE SEINE,Caudebec-en-Caux
M5057,Musée de la musique,PARIS,48.889306,2.393807,"48.889306,2.393807",DE LA MUSIQUE,Paris
M1117,Musée de la Nacre et de la Tabletterie,MERU,49.238327,2.139609,"49.238327,2.139609",DE LA NACRE ET DE LA TABLETTERIE,Méru
M0199,Musée de la pêche,CONCARNEAU,47.872103,-3.915485,"47.872103,-3.915485",DE LA PECHE,Concarneau
M5015,Musée de la porcelaine Adrien Dubouché à Limoges,LIMOGES,45.832531,1.252114,"45.832531,1.252114",DE LA PORCELAINE ADRIEN DUBOUCHE A LIMOGES,Limoges
M1116,Musée de La Poste,PARIS,48.84156094062689,2.317700895922452,"48.84156094062689,2.3177008959224517",DE LA POSTE,Paris
M0525,Musée de La Princerie,VERDUN,49.161059,5.382439,"49.161059,5.382439",DE LA PRINCERIE,Verdun
M5012,Musée de la Renaissance - château d'Ecouen,ECOUEN,49.015862,2.378424,"49.015862,2.378424",DE LA RENAISSANCE CHATEAU D ECOUEN,Ecouen
M0455,Musée de la Romanité,NIMES,43.837616,4.362815,"43.837616,4.362815",DE LA ROMANITE,Nîmes
M0047,Musée de la société d’histoire “ les amis de Thann ”,THANN,47.812283,7.101737,"47.812283,7.101737",DE LA SOCIETE D’HISTOIRE “ LES AMIS DE THANN ”,Thann
M0856,Musée de la vallée,BARCELONNETTE,44.387609,6.655077,"44.387609,6.655077",DE LA VALLEE,Barcelonnette
M0810,Musée de la vénerie,SENLIS,49.207022,2.585103,"49.207022,2.585103",DE LA VENERIE,Senlis
M0139,Musée de la vie bourguignonne,DIJON,47.317415,5.037131,"47.317415,5.037131",DE LA VIE BOURGUIGNONNE,Dijon
M1113,Musée de La vie romantique,PARIS,48.880899,2.333278,"48.880899,2.333278",DE LA VIE ROMANTIQUE,Paris
M0342,Musée de la Vigne et du Vin,ARBOIS,46.902412,5.773686,"46.902412,5.773686",DE LA VIGNE ET DU VIN,Arbois
M0398,Musée de la ville,MONTIGNY LE BRETONNEUX,48.782594,2.042664,"48.782594,2.042664",DE LA VILLE,Montigny-le-Bretonneux
M5010,Musée de la voiture et du tourisme (annexe du musée national du château de Compiègne),COMPIEGNE,49.411103,2.81806,"49.411103,2.81806",DE LA VOITURE ET DU TOURISME ANNEXE DU NATIONAL DU CHATEAU DE COMPIEGNE,Compiègne
M9007,Musée de l’artillerie et de l’Infanterie,VERSAILLES,43.529648,6.495058,"43.529648,6.495058",DE L’ARTILLERIE ET DE L’INFANTERIE,Versailles
M0379,Musée de Melun,MELUN,48.536774,2.659027,"48.536774,2.659027",DE MELUN,Melun
M0658,Musée de Normandie,CAEN,49.162048,-0.34514,"49.162048,-0.34514",DE NORMANDIE,Caen
M0812,Musée de Picardie,AMIENS,49.890413,2.295968,"49.890413,2.295968",DE PICARDIE,Amiens
M0338,Musée de Plein Air des Maisons Comtoises,NANCRAY,47.242984,6.18963,"47.242984,6.18963",DE PLEIN AIR DES MAISONS COMTOISES,Nancray
M0060,Musée de Sarlat et du Périgord noir,SARLAT LA CANEDA,44.89456376265919,1.2330483275891506,"44.89456376265919,1.2330483275891506",DE SARLAT ET DU PERIGORD NOIR,Sarlat-la-Canéda
M0770,Musée de Tessé,LE MANS,48.01112,0.203755,"48.01112,0.203755",DE TESSE,Le Mans
M1070,Musée de Villèle,SAINT GILLES LES HAUTS,-21.055917761556145,55.264409385729984,"-21.055917761556145,55.264409385729984",DE VILLELE,Saint-Gilles-les-Hauts
M0354,Musée départemental Albert Demard,CHAMPLITTE,47.617066,5.517093,"47.617066,5.517093",DEPARTEMENTAL ALBERT DEMARD,Champlitte
M0208,Musée départemental Breton,QUIMPER,47.995125,-4.102602,"47.995125,-4.102602",DEPARTEMENTAL BRETON,Quimper
M0536,Musée départemental d'Art Ancien et Contemporain,EPINAL,48.17326,6.446595,"48.17326,6.446595",DEPARTEMENTAL D ART ANCIEN ET CONTEMPORAIN,Epinal
M0506,Musée départemental d'Art Contemporain,ROCHECHOUART,45.821684,0.819875,"45.821684,0.819875",DEPARTEMENTAL D ART CONTEMPORAIN,Rochechouart
M1008,Musée départemental de la Révolution française,VIZILLE,45.08753,5.773234,"45.08753,5.773234",DEPARTEMENTAL DE LA REVOLUTION FRANCAISE,Vizille
M0259,Musée départemental de Préhistoire,LE GRAND PRESSIGNY,46.921003,0.800711,"46.921003,0.800711",DEPARTEMENTAL DE PREHISTOIRE,Le Grand-Pressigny
M0861,Musée départemental de préhistoire,QUINSON,43.709854,6.040734,"43.709854,6.040734",DEPARTEMENTAL DE PREHISTOIRE,Quinson
M0889,Musée départemental des arts asiatiques,NICE,43.678077,7.215461,"43.678077,7.215461",DEPARTEMENTAL DES ARTS ASIATIQUES,Nice
M0866,Musée départemental des Hautes-Alpes,GAP,44.562625,6.085573,"44.562625,6.085573",DEPARTEMENTAL DES HAUTES ALPES,Gap
M0396,Musée départemental Maurice Denis,SAINT GERMAIN EN LAYE,48.892496,2.087541,"48.892496,2.087541",DEPARTEMENTAL MAURICE DENIS,Saint-Germain-en-Laye
M0569,Musée des Amériques - Auch,AUCH,43.647171,0.587482,"43.647171,0.587482",DES AMERIQUES AUCH,Auch
M0733,Musée des antiquités de la Seine-Maritime,ROUEN,49.447268,1.098932,"49.447268,1.098932",DES ANTIQUITES DE LA SEINE MARITIME,Rouen
M0990,Musée des antiquités gallo-romaines,AOSTE,45.587605,5.60661,"45.587605,5.60661",DES ANTIQUITES GALLO ROMAINES,Aoste
M0920,"musée des Arts Africains, Océaniens et Amérindiens",MARSEILLE,43.300172,5.367602,"43.300172,5.367602",DES ARTS AFRICAINS OCEANIENS ET AMERINDIENS,Marseille
M5005,Musée des Arts Asiatiques Guimet,PARIS,48.86425,2.293754,"48.86425,2.293754",DES ARTS ASIATIQUES GUIMET,Paris
M0018,Musée des Arts Décoratifs,STRASBOURG,48.581229,7.751984,"48.581229,7.751984",DES ARTS DECORATIFS,Strasbourg
M0229,Musée des arts décoratifs,BOURGES,47.084683,2.398383,"47.084683,2.398383",DES ARTS DECORATIFS,Bourges
M0066,Musée des arts décoratifs et du design,BORDEAUX,44.838956,-0.579686,"44.838956,-0.579686",DES ARTS DECORATIFS ET DU DESIGN,Bordeaux
M5021,Musée des arts décoratifs (Union centrale des arts décoratifs),PARIS,48.863218,2.3333,"48.863218,2.3333",DES ARTS DECORATIFS UNION CENTRALE DES ARTS DECORATIFS,Paris
M0553,Musée des arts et métiers,SALLES LA SOURCE,44.435484,2.512564,"44.435484,2.512564",DES ARTS ET METIERS,Salles-la-Source
M0562,Musée des Augustins,TOULOUSE,43.600562,1.445904,"43.600562,1.445904",DES AUGUSTINS,Toulouse
M0416,Musée des Avelines - Musée d’art et d’histoire de Saint-Cloud,SAINT CLOUD,48.842497,2.208286,"48.842497,2.208286",DES AVELINES D’ART ET D’HISTOIRE DE SAINT CLOUD,Saint-Cloud
M0638,Musée des Beaux-Arts,VALENCIENNES,50.35582,3.53105,"50.35582,3.53105",DES BEAUX ARTS,Valenciennes
M0988,Musée des beaux-arts,VALENCE,44.931125,4.889563,"44.931125,4.889563",DES BEAUX ARTS,Valence
M1031,Musée des Beaux-Arts,LYON,45.767177,4.833576,"45.767177,4.833576",DES BEAUX ARTS,Lyon
M0207,Musée des beaux-arts,QUIMPER,47.996188,-4.101963,"47.996188,-4.101963",DES BEAUX ARTS,Quimper
M0238,Musée des beaux-arts,CHARTRES,48.447624,1.486763,"48.447624,1.486763",DES BEAUX ARTS,Chartres
M0743,Musée des Beaux-Arts,NANTES,47.219276,-1.547096,"47.219276,-1.547096",DES BEAUX ARTS,Nantes
M0685,Musée des beaux-arts,SAINT LÔ,49.116174,-1.087574,"49.116174,-1.087574",DES BEAUX ARTS,Saint-Lô
M0657,Musée des beaux-arts,CAEN,49.181339,-0.370637,"49.181339,-0.370637",DES BEAUX ARTS,Caen
M0512,Musée des Beaux-Arts,NANCY,48.693507,6.182435,"48.693507,6.182435",DES BEAUX ARTS,Nancy
M0621,Musée des Beaux-Arts,DUNKERQUE,51.037327,2.375518,"51.037327,2.375518",DES BEAUX ARTS,Dunkerque
M0913,Musée des beaux-arts,MARSEILLE,43.30471863787663,5.394041457684137,"43.30471863787663,5.394041457684137",DES BEAUX ARTS,Marseille
M1048,Musée des Beaux-Arts,CHAMBERY,45.565938,5.916179,"45.565938,5.916179",DES BEAUX ARTS,Chambéry
M0019,Musée des Beaux-Arts,STRASBOURG,48.581229,7.751984,"48.581229,7.751984",DES BEAUX ARTS,Strasbourg
M0197,Musée des Beaux-Arts,BREST,48.38529,-4.489963,"48.38529,-4.489963",DES BEAUX ARTS,Brest
M0211,Musée des Beaux-Arts,RENNES,48.109837,-1.674981,"48.109837,-1.674981",DES BEAUX ARTS,Rennes
M0265,Musée des Beaux-Arts,TOURS,47.394698,0.694004,"47.394698,0.694004",DES BEAUX ARTS,Tours
M0729,Musée des Beaux-Arts,ROUEN,42.718182,2.896365,"42.718182,2.896365",DES BEAUX ARTS,Rouen
M0345,Musée des Beaux-Arts,LONS LE SAUNIER,46.675861,5.553907,"46.675861,5.553907",DES BEAUX ARTS,Lons-le-Saunier
M0065,Musée des Beaux-Arts,BORDEAUX,44.838056,-0.579413,"44.838056,-0.579413",DES BEAUX ARTS,Bordeaux
M0137,Musée des beaux-arts,DIJON,47.321356,5.042873,"47.321356,5.042873",DES BEAUX ARTS,Dijon
M0640,Musée des Beaux-Arts,ARRAS,50.291759,2.772987,"50.291759,2.772987",DES BEAUX ARTS,Arras
M0644,Musée des beaux-arts,CALAIS,50.956724,1.851871,"50.956724,1.851871",DES BEAUX ARTS,Calais
M0286,Musée des Beaux-Arts,ORLEANS,47.903663,1.90971,"47.903663,1.90971",DES BEAUX ARTS,Orléans
M0825,Musée des Beaux-Arts,LA ROCHELLE,46.161969,-1.151552,"46.161969,-1.151552",DES BEAUX ARTS,La Rochelle
M0629,Musée des Beaux-Arts,LILLE,50.630965,3.060647,"50.630965,3.060647",DES BEAUX ARTS,Lille
M0457,Musée des beaux-arts,NIMES,43.832001,4.36081,"43.832001,4.36081",DES BEAUX ARTS,Nîmes
M0134,Musée des Beaux-Arts,BEAUNE,47.02097,4.839393,"47.02097,4.839393",DES BEAUX ARTS,Beaune
M0098,Musée des Beaux-Arts,PAU,43.297254,-0.364384,"43.297254,-0.364384",DES BEAUX ARTS,Pau
M0228,Musée  musée des beaux-arts,VANNES,47.657693,-2.757556,"47.657693,-2.757556",DES BEAUX ARTS,Vannes
M0440,Musée des beaux-arts,CARCASSONNE,43.212595,2.35536,"43.212595,2.35536",DES BEAUX ARTS,Carcassonne
M0505,Musée des Beaux-Arts de Limoges – Palais de l'Evêché,LIMOGES,45.82822,1.264947,"45.82822,1.264947",DES BEAUX ARTS DE LIMOGES – PALAIS DE L EVECHE,Limoges
M0311,Musée des Beaux-Arts de Saint-Denis,REIMS,49.253442,4.030921,"49.253442,4.030921",DES BEAUX ARTS DE SAINT DENIS,Reims
M0550,Musée des beaux-arts Denys Puech,RODEZ,44.349287,2.578079,"44.349287,2.578079",DES BEAUX ARTS DENYS PUECH,Rodez
M0347,Musée des beaux-arts et d'archéologie,DOLE,47.089059,5.488205,"47.089059,5.488205",DES BEAUX ARTS ET D ARCHEOLOGIE,Dole
M0303,Musée des beaux-arts et d'archéologie,TROYES,48.300638,4.08003,"48.300638,4.08003",DES BEAUX ARTS ET D ARCHEOLOGIE,Troyes
M0332,Musée des beaux-arts et d'archéologie,BESANCON,47.240055,6.022938,"47.240055,6.022938",DES BEAUX ARTS ET D ARCHEOLOGIE,Besançon
M0072,Musée des beaux-arts et d'archéologie,LIBOURNE,44.914487,-0.245068,"44.914487,-0.245068",DES BEAUX ARTS ET D ARCHEOLOGIE,Libourne
M0694,Musée des Beaux-Arts et de la Dentelle,ALENCON,48.431484,0.083508,"48.431484,0.083508",DES BEAUX ARTS ET DE LA DENTELLE,Alençon
M0748,Musée des beaux-arts et galerie David-d'Angers,ANGERS,47.469132,-0.554372,"47.469132,-0.554372",DES BEAUX ARTS ET GALERIE DAVID D ANGERS,Angers
M0880,Musée des Beaux-Arts - Jules Chéret,NICE,43.69467562501604,7.249470499489079,"43.69467562501604,7.249470499489079",DES BEAUX ARTS JULES CHERET,Nice
M5002,Musée des civilisations de l'Europe et de la Méditerranée,MARSEILLE,48.877026,2.267791,"48.877026,2.267791",DES CIVILISATIONS DE L EUROPE ET DE LA MEDITERRANEE,Marseille
M7042,Musée des Confluences,LYON,45.73319,4.818042,"45.73319,4.818042",DES CONFLUENCES,Lyon
M1039,Musée des Hospices Civils de Lyon,LYON,45.760912,4.831492,"45.760912,4.831492",DES HOSPICES CIVILS DE LYON,Lyon
M0704,Musée des Instruments à Vent,LA COUTURE BOUSSEY,48.908972,1.386877,"48.908972,1.386877",DES INSTRUMENTS A VENT,La Couture-Boussey
M0202,Musée des Jacobins,MORLAIX,48.577242,-3.825317,"48.577242,-3.825317",DES JACOBINS,Morlaix
M0232,Musée des Meilleurs Ouvriers de France,BOURGES,47.081774,2.398494,"47.081774,2.398494",DES MEILLEURS OUVRIERS DE FRANCE,Bourges
M0891,Musée des merveilles,TENDE,44.088854,7.593216,"44.088854,7.593216",DES MERVEILLES,Tende
M0964,Musées des pays de l'Ain,BOURG EN BRESSE,46.196543,5.219217,"46.196543,5.219217",DES PAYS DE L AIN,Bourg-en-Bresse
M0384,Musée des Pays de Seine-et-Marne,SAINT CYR SUR MORIN,48.90803,3.18169,"48.90803,3.18169",DES PAYS DE SEINE ET MARNE,Saint-Cyr-sur-Morin
M0725,Musée des Traditions et Arts Normands,MARTAINVILLE EPREVILLE,49.459298,1.292911,"49.459298,1.292911",DES TRADITIONS ET ARTS NORMANDS,Martainville-Epreville
M0172,Musée des ursulines musée Lamartine,MACON,46.30716,4.832892,"46.30716,4.832892",DES URSULINES LAMARTINE,Mâcon
M0081,Musée Despiau Wlérick,MONT DE MARSAN,43.8926,-0.498893,"43.8926,-0.498893",DESPIAU WLERICK,Mont-de-Marsan
M0745,Musée Dobrée,NANTES,47.211788,-1.566123,"47.211788,-1.566123",DOBREE,Nantes
M5077,Domaine National de Versailles - Le château,VERSAILLES,48.800809,2.12307,"48.800809,2.12307",DOMAINE NATIONAL DE VERSAILLES LE CHATEAU,Versailles
M0230,Musée du Berry,BOURGES,47.083735,2.39325,"47.083735,2.39325",DU BERRY,Bourges
M0686,"musée du bocage normand, ferme du bois Jugan",SAINT LÔ,49.114654,-1.074964,"49.114654,-1.074964",DU BOCAGE NORMAND FERME DU BOIS JUGAN,Saint-Lô
M0962,Musée du cartonnage et de l'imprimerie,VALREAS,44.382664,4.987351,"44.382664,4.987351",DU CARTONNAGE ET DE L IMPRIMERIE,Valréas
M0511,Musée du château,LUNEVILLE,48.589446,6.505708,"48.589446,6.505708",DU CHATEAU,Lunéville
M0089,Musée du château,NERAC,44.135461,0.339971,"44.135461,0.339971",DU CHATEAU,Nérac
M0337,Musée du château,MONTBELIARD,47.508881,6.797692,"47.508881,6.797692",DU CHATEAU,Montbéliard
M0782,Musée du Château,NOIRMOUTIER,46.999718,-2.243127,"46.999718,-2.243127",DU CHATEAU,Noirmoutier
M0216,Musée du château,VITRE,48.12588457843864,-1.211799050981162,"48.125884578438644,-1.211799050981162",DU CHATEAU,Vitré
M0234,Musée du château Charles VII,MEHUN SUR YEVRE,47.145214,2.21738,"47.145214,2.21738",DU CHATEAU CHARLES VII,Mehun-sur-Yèvre
M0744,Musée du Château des Ducs de Bretagne,NANTES,47.216353,-1.549389,"47.216353,-1.549389",DU CHATEAU DES DUCS DE BRETAGNE,Nantes
M0012,Musée du Château des Rohan,SAVERNE,48.741958,7.362787,"48.741958,7.362787",DU CHATEAU DES ROHAN,Saverne
M0500,Musée du cloître,TULLE,45.267654,1.770791,"45.267654,1.770791",DU CLOITRE,Tulle
M1047,Musée du Costume,BOURG SAINT MAURICE,45.597053,6.760997,"45.597053,6.760997",DU COSTUME,Bourg-Saint-Maurice
M1045,Musée du Docteur Faure,AIX LES BAINS,45.692157,5.915578,"45.692157,5.915578",DU DOCTEUR FAURE,Aix-les-Bains
M0417,Musée du domaine départemental de Sceaux,SCEAUX,48.774707,2.299024,"48.774707,2.299024",DU DOMAINE DEPARTEMENTAL DE SCEAUX,Sceaux
M0390,Musée du Domaine royal de Marly – Louveciennes-Marly-le-Roi,MARLY LE ROI,48.859572,2.109482,"48.859572,2.109482",DU DOMAINE ROYAL DE MARLY – LOUVECIENNES MARLY LE ROI,Marly-le-Roi
M0348,Musée du Jouet,MOIRANS EN MONTAGNE,46.433004,5.726307,"46.433004,5.726307",DU JOUET,Moirans-en-Montagne
M0394,Musée du jouet Pierre Pinel,POISSY,48.928429,2.037892,"48.928429,2.037892",DU JOUET PIERRE PINEL,Poissy
M5031,Musée du Louvre,RAMBOUILLET,48.859903,2.340929,"48.859903,2.340929",DU LOUVRE,Rambouillet
M5003,Musée du Moyen Age - thermes et hôtel de Cluny,PARIS,48.850437,2.344553,"48.850437,2.344553",DU MOYEN AGE THERMES ET HÔTEL DE CLUNY,Paris
M0807,Musée du Noyonnais,NOYON,49.581852,2.999742,"49.581852,2.999742",DU NOYONNAIS,Noyon
M0887,Musée du palais Lascaris,NICE,43.697686,7.27733,"43.697686,7.27733",DU PALAIS LASCARIS,Nice
M0044,Musée du Papier Peint,RIXHEIM,47.769603,7.387425,"47.769603,7.387425",DU PAPIER PEINT,Rixheim
M0003,Musée du Pays de Hanau - histoire et vies d’un territoire,BOUXWILLER,48.824977,7.482915,"48.824977,7.482915",DU PAYS DE HANAU HISTOIRE ET VIES D’UN TERRITOIRE,Bouxwiller
M0601,Musée du Pays Vaurais,LAVAUR,43.698318,1.820763,"43.698318,1.820763",DU PAYS VAURAIS,Lavaur
M0947,Musée du Petit Palais,AVIGNON,43.951088,4.806317,"43.951088,4.806317",DU PETIT PALAIS,Avignon
M0836,Musée du Présidial,SAINTES,45.746235,-0.632055,"45.746235,-0.632055",DU PRESIDIAL,Saintes
M0168,Musée du Prieuré Jean Laronze,CHAROLLES,46.432603,4.279317,"46.432603,4.279317",DU PRIEURE JEAN LARONZE,Charolles
M0333,Musée du Temps,BESANCON,47.235776,6.025004,"47.235776,6.025004",DU TEMPS,Besançon
M1088,écomusée du Véron,SAVIGNY EN VERON,47.209697,0.124427,"47.209697,0.124427",DU VERON,Savigny-en-Véron
M0898,Musée du vieil Aix,AIX EN PROVENCE,43.530857,5.447432,"43.530857,5.447432",DU VIEIL AIX,Aix-en-Provence
M0432,Musée du vieil Argenteuil,ARGENTEUIL,48.946909,2.249331,"48.946909,2.249331",DU VIEIL ARGENTEUIL,Argenteuil
M0766,Musée du Vieux-Château,LAVAL,48.068652,-0.77221,"48.068652,-0.77221",DU VIEUX CHATEAU,Laval
M0567,Musée du Vieux-Toulouse,TOULOUSE,43.602258,1.443132,"43.602258,1.443132",DU VIEUX TOULOUSE,Toulouse
M0742,Musée du Vignoble Nantais,LE PALLET,47.134414,-1.329883,"47.134414,-1.329883",DU VIGNOBLE NANTAIS,Le Pallet
M0133,Musée du Vin de Bourgogne,BEAUNE,47.023618,4.837574,"47.023618,4.837574",DU VIN DE BOURGOGNE,Beaune
M0346,Musée d’archéologie,LONS LE SAUNIER,46.684566,5.579336,"46.684566,5.579336",D’ARCHEOLOGIE,Lons-le-Saunier
M5001,Musée d’archéologie nationale (des origines à l’an mille) – Château de Saint-Germain-en-Laye,SAINT GERMAIN EN LAYE,48.897879,2.094936,"48.897879,2.094936",D’ARCHEOLOGIE NATIONALE DES ORIGINES A L’AN MILLE – CHATEAU DE SAINT GERMAIN EN LAYE,Saint-Germain-en-Laye
M1014,Musée d’archéologie Victor de Laprade,FEURS,45.744191,4.219803,"45.744191,4.219803",D’ARCHEOLOGIE VICTOR DE LAPRADE,Feurs
M0943,Musée d’art de Toulon – M.A.T.,TOULON,43.125971,5.927245,"43.125971,5.927245",D’ART DE TOULON – M A T,Toulon
M0515,Musée d’art et d’histoire,TOUL,48.678544,5.89134,"48.678544,5.89134",D’ART ET D’HISTOIRE,Toul
M0241,Musée d’art et d’histoire de Dreux,DREUX,48.733472,1.368066,"48.733472,1.368066",D’ART ET D’HISTOIRE DE DREUX,Dreux
M1024,Musée d’art moderne et contemporain de Saint-Étienne Métropole,SAINT ETIENNE,45.46964793515552,4.374526863293208,"45.46964793515552,4.374526863293208",D’ART MODERNE ET CONTEMPORAIN DE SAINT ETIENNE METROPOLE,Saint-Etienne
M0329,Musée d’ethnographie corse,BASTIA,42.693145,9.450578,"42.693145,9.450578",D’ETHNOGRAPHIE CORSE,Bastia
M0231,Musée Estève,BOURGES,47.085951,2.396195,"47.085951,2.396195",ESTEVE,Bourges
M0842,Musée ethnographique et archéologique du Donjon,NIORT,46.32489,-0.464915,"46.32489,-0.464915",ETHNOGRAPHIQUE ET ARCHEOLOGIQUE DU DONJON,Niort
M0176,Musée eucharistique du Hiéron,PARAY LE MONIAL,46.451822,4.123021,"46.451822,4.123021",EUCHARISTIQUE DU HIERON,Paray-le-Monial
M0661,Musée Eugène Boudin,HONFLEUR,49.42241758787357,0.2308667345641918,"49.42241758787357,0.2308667345641918",EUGENE BOUDIN,Honfleur
M5004,Musée Eugène Delacroix,PARIS,48.854434,2.335679,"48.854434,2.335679",EUGENE DELACROIX,Paris
M0476,Musée Fabre,MONTPELLIER,43.61135,3.880685,"43.61135,3.880685",FABRE,Montpellier
M0734,Musée Flaubert et d'histoire de la médecine,ROUEN,49.445232,1.081736,"49.445232,1.081736",FLAUBERT ET D HISTOIRE DE LA MEDECINE,Rouen
M0362,forge-musée,ETUEFFONT,47.722575,6.920842,"47.722575,6.920842",FORGE,Etueffont
M5064,Musée Fragonard,MAISONS ALFORT,48.81278282657873,2.4233629652344084,"48.81278282657873,2.4233629652344084",FRAGONARD,Maisons-Alfort
M0411,Musée français de la carte à jouer et galerie d'histoire de la ville,ISSY LES MOULINEAUX,48.822771,2.273453,"48.822771,2.273453",FRANCAIS DE LA CARTE A JOUER ET GALERIE D HISTOIRE DE LA VILLE,Issy-les-Moulineaux
M0127,Musée Francisque Mandet,RIOM,45.893874,3.116508,"45.893874,3.116508",FRANCISQUE MANDET,Riom
M5008,Musée franco-américain du château de Blérancourt,BLERANCOURT,49.516035,3.150459,"49.516035,3.150459",FRANCO AMERICAIN DU CHATEAU DE BLERANCOURT,Blérancourt
M1032,Musée Gadagne,LYON,45.763856,4.827749,"45.763856,4.827749",GADAGNE,Lyon
M0025,Musée gallo-romain,BIESHEIM,48.041667,7.54802,"48.041667,7.54802",GALLO ROMAIN,Biesheim
M0863,Musée gallo-romain - Sisteron,SISTERON,44.194729,5.942173,"44.194729,5.942173",GALLO ROMAIN SISTERON,Sisteron
M0857,Musée Gassendi,DIGNE LES BAINS,44.092652,6.235077,"44.092652,6.235077",GASSENDI,Digne-Les-Bains
M0376,Musée Gatien Bonnet,LAGNY SUR MARNE,48.879644,2.707767,"48.879644,2.707767",GATIEN BONNET,Lagny-sur-Marne
M0250,Musée George Sand et de la vallée noire,LA CHATRE,46.581939,1.989964,"46.581939,1.989964",GEORGE SAND ET DE LA VALLEE NOIRE,La Châtre
M0284,Musée Girodet,MONTARGIS,47.997528,2.737205,"47.997528,2.737205",GIRODET,Montargis
M0594,Musée Goya,CASTRES,49.15731,-1.236823,"49.15731,-1.236823",GOYA,Castres
M0894,Musée Granet,AIX EN PROVENCE,43.494315,5.410889,"43.494315,5.410889",GRANET,Aix-en-Provence
M0181,Musée Greuze - hôtel-Dieu,TOURNUS,46.562137,4.910839,"46.562137,4.910839",GREUZE HÔTEL DIEU,Tournus
M0917,Musée Grobet-Labadié,MARSEILLE,43.303412,5.392866,"43.303412,5.392866",GROBET LABADIE,Marseille
M5041,Musée Gustave Moreau,PARIS,48.877878,2.334383,"48.877878,2.334383",GUSTAVE MOREAU,Paris
M1003,Musée Hébert,LA TRONCHE,45.205613,5.751334,"45.205613,5.751334",HEBERT,La Tronche
M5007,Musée Hébert,PARIS,48.847429,2.322709,"48.847429,2.322709",HEBERT,Paris
M0377,Musée Henri Chapu,LE MEE SUR SEINE,48.534859,2.635235,"48.534859,2.635235",HENRI CHAPU,Le Mée-sur-Seine
M0576,Musée Henri Martin,CAHORS,44.448506,1.438286,"44.448506,1.438286",HENRI MARTIN,Cahors
M0627,Musée Henri Matisse,LE CATEAU CAMBRESIS,50.105684,3.541175,"50.105684,3.541175",HENRI MATISSE,Le Cateau-Cambrésis
M0816,musée-historial de la Grande Guerre,PERONNE,49.932121,2.935985,"49.932121,2.935985",HISTORIAL DE LA GRANDE GUERRE,Péronne
M1121,Historial de la Vendée,LES LUCS SUR BOULOGNE,46.859966,-1.492724,"46.859966,-1.492724",HISTORIAL DE LA VENDEE,Les Lucs-sur-Boulogne
M0020,Musée historique,STRASBOURG,48.580089,7.750555,"48.580089,7.750555",HISTORIQUE,Strasbourg
M0011,Musée Historique et Industriel - musée du Fer,REICHSHOFFEN,48.932234,7.664814,"48.932234,7.664814",HISTORIQUE ET INDUSTRIEL DU FER,Reichshoffen
M1011,Musée Hospitalier,CHARLIEU,46.160301,4.17052,"46.160301,4.17052",HOSPITALIER,Charlieu
M0491,Musée Hyacinthe Rigaud,PERPIGNAN,42.69812,2.893588,"42.69812,2.893588",HYACINTHE RIGAUD,Perpignan
M0287,"Hôtel Cabu, musée d’histoire et d’archéologie",ORLEANS,47.900952,1.905193,"47.900952,1.905193",HÔTEL CABU D’HISTOIRE ET D’ARCHEOLOGIE,Orléans
M0253,Musée - Hôtel Morin,AMBOISE,47.405265,0.972331,"47.405265,0.972331",HÔTEL MORIN,Amboise
M0728,Musée Industriel de la Corderie Vallois,NOTRE DAME DE BONDEVILLE,49.494507,1.048567,"49.494507,1.048567",INDUSTRIEL DE LA CORDERIE VALLOIS,Notre-Dame-de-Bondeville
M0607,Musée Ingres,MONTAUBAN,44.017091,1.35188,"44.017091,1.35188",INGRES,Montauban
M0986,Musée International de la Chaussure,ROMANS,45.0431,5.055376,"45.0431,5.055376",INTERNATIONAL DE LA CHAUSSURE,Romans
M0877,Musée International de la Parfumerie,GRASSE,43.658385,6.922,"43.658385,6.922",INTERNATIONAL DE LA PARFUMERIE,Grasse
M0808,Musée Jean Calvin,NOYON,49.581666,2.998444,"49.581666,2.998444",JEAN CALVIN,Noyon
M0784,Musée Jean de la Fontaine,CHATEAU THIERRY,49.046927,3.400289,"49.046927,3.400289",JEAN DE LA FONTAINE,Château-Thierry
M1180,Musée Jean Garcin 39-45 : l'appel de la liberté,FONTAINE DE VAUCLUSE,43.922626,5.127397,"43.922626,5.127397",JEAN GARCIN 39 45 L APPEL DE LA LIBERTE,Fontaine-de-Vaucluse
M5039,Musée Jean-Jacques Henner,PARIS,48.883045,2.307689,"48.883045,2.307689",JEAN JACQUES HENNER,Paris
M0437,Musée Jean-Jacques Rousseau,MONTMORENCY,48.986892,2.320916,"48.986892,2.320916",JEAN JACQUES ROUSSEAU,Montmorency
M1020,Musée Joseph Déchelette,ROANNE,46.034953,4.069842,"46.034953,4.069842",JOSEPH DECHELETTE,Roanne
M0519,Musée Jules Bastien-Lepage – musée de la fortification,MONTMEDY,49.523594,5.348511,"49.523594,5.348511",JULES BASTIEN LEPAGE – DE LA FORTIFICATION,Montmédy
M1092,Musée Jules-Desbois,NOYANT VILLAGE,47.436646,0.159508,"47.436646,0.159508",JULES DESBOIS,Noyant-Village
M0634,La Piscine – musée d’art et d’industrie André Diligent de Roubaix,ROUBAIX,50.693026,3.16791,"50.693026,3.16791",LA PISCINE – D’ART ET D’INDUSTRIE ANDRE DILIGENT DE ROUBAIX,Roubaix
M0620,"LAAC, Lieu d'art et d'action contemporaine",DUNKERQUE,51.048455,2.424234,"51.048455,2.424234",LAAC LIEU D ART ET D ACTION CONTEMPORAINE,Dunkerque
M0639,"LaM, Lille Métropole musée d'art moderne, d'art contemporain et d'art brut",VILLENEUVE D ASCQ,50.637497,3.148587,"50.637497,3.148587",LAM LILLE METROPOLE D ART MODERNE D ART CONTEMPORAIN ET D ART BRUT,Villeneuve-d'Ascq
M0400,Musée Lambinet,VERSAILLES,48.808966,2.130624,"48.808966,2.130624",LAMBINET,Versailles
M0260,Musée Lansyer,LOCHES,47.126829,0.997457,"47.126829,0.997457",LANSYER,Loches
M0732,Musée Le Secq des Tournelles,ROUEN,49.445148,1.094521,"49.445148,1.094521",LE SECQ DES TOURNELLES,Rouen
M0450,Musée Léon Alègre,BAGNOLS SUR CEZE,44.164822,4.621051,"44.164822,4.621051",LEON ALEGRE,Bagnols-sur-Cèze
M1069,Musée Léon Dierx,SAINT DENIS DE LA REUNION,-20.883698,55.450251,"-20.883698,55.450251",LEON DIERX,Saint-Denis de La Réunion
M0566,"les Abattoirs, musée d'art moderne et contemporain",TOULOUSE,43.600678,1.428998,"43.600678,1.428998",LES ABATTOIRS D ART MODERNE ET CONTEMPORAIN,Toulouse
M0715,"Les Pêcheries, musée de Fécamp",FECAMP,49.756174,0.377508,"49.756174,0.377508",LES PECHERIES DE FECAMP,Fécamp
M0514,Musée lorrain,NANCY,46.986649,3.157476,"46.986649,3.157476",LORRAIN,Nancy
M0714,Musée Louis Philippe,EU,50.049138,1.418369,"50.049138,1.418369",LOUIS PHILIPPE,Eu
M1036,Lugdunum-musée et théâtres romains,LYON,45.760529,4.82004,"45.760529,4.82004",LUGDUNUM ET THEATRES ROMAINS,Lyon
M0892,Musée Magnelli - musée de la céramique,VALLAURIS,43.579971,7.052887,"43.579971,7.052887",MAGNELLI DE LA CERAMIQUE,Vallauris
M1137,Musée Mainssieux,VOIRON,45.356047,5.579652,"45.356047,5.579652",MAINSSIEUX,Voiron
M1102,maison de Balzac,PARIS,48.855398,2.280805,"48.855398,2.280805",MAISON DE BALZAC,Paris
M0008,Maison de l'Archéologie des Vosges du Nord,NIEDERBRONN LES BAINS,48.947444,7.650428,"48.947444,7.650428",MAISON DE L ARCHEOLOGIE DES VOSGES DU NORD,Niederbronn-les-Bains
M1114,Maison de Victor Hugo,PARIS,48.854808,2.366232,"48.854808,2.366232",MAISON DE VICTOR HUGO,Paris
M0320,Maison des Lumières Denis Diderot,LANGRES,47.866417,5.331753,"47.866417,5.331753",MAISON DES LUMIERES DENIS DIDEROT,Langres
M0710,maison des templiers,CAUDEBEC EN CAUX,49.525351,0.725967,"49.525351,0.725967",MAISON DES TEMPLIERS,Caudebec-en-Caux
M0528,Maison du Verre et du Cristal,MEISENTHAL,48.964935,7.352438,"48.964935,7.352438",MAISON DU VERRE ET DU CRISTAL,Meisenthal
M0805,Maison Gallé-Juillet,CREIL,49.261035,2.473555,"49.261035,2.473555",MAISON GALLE JUILLET,Creil
M5029,Musée Marc Chagall,NICE,43.70922,7.2688,"43.70922,7.2688",MARC CHAGALL,Nice
M0689,Musée Maritime de l'Ile Tatihou,SAINT VAAST LA HOUGUE,49.587648,-1.267813,"49.587648,-1.267813",MARITIME DE L ILE TATIHOU,Saint-Vaast-la-Hougue
M0881,Musée Masséna,NICE,43.695672,7.259251,"43.695672,7.259251",MASSENA,Nice
M0591,Musée Massey,TARBES,43.232141,0.073892,"43.232141,0.073892",MASSEY,Tarbes
M0884,Musée Matisse,NICE,43.720041,7.276769,"43.720041,7.276769",MATISSE,Nice
M0783,Musée Milcendeau-Jean Yole,SOULLANS,46.778869,-1.906008,"46.778869,-1.906008",MILCENDEAU JEAN YOLE,Soullans
M0531,Musée militaire et Erckmann-Chatrian,PHALSBOURG,48.766548,7.259055,"48.766548,7.259055",MILITAIRE ET ERCKMANN CHATRIAN,Phalsbourg
M0637,MUba Eugène Leroy Tourcoing,TOURCOING,50.724594,3.162878,"50.724594,3.162878",MUBA EUGENE LEROY TOURCOING,Tourcoing
M0798,MUDO - musée de l'Oise,BEAUVAIS,49.432788,2.080444,"49.432788,2.080444",MUDO DE L OISE,Beauvais
M0147,Musée Municipal,SEMUR EN AUXOIS,47.490137,4.336452,"47.490137,4.336452",MUNICIPAL,Semur-en-Auxois
M0794,Musée municipal,SOISSONS,49.384539,3.327233,"49.384539,3.327233",MUNICIPAL,Soissons
M0776,Musée municipal,LA ROCHE SUR YON,46.669265,-1.428828,"46.669265,-1.428828",MUNICIPAL,La Roche-sur-Yon
M0323,Musée Municipal,SAINT DIZIER,48.637908,4.9485,"48.637908,4.9485",MUNICIPAL,Saint-Dizier
M0189,Musée municipal,SENS,48.197826,3.282739,"48.197826,3.282739",MUNICIPAL,Sens
M0706,Musée municipal,LOUVIERS,49.215649,1.168552,"49.215649,1.168552",MUNICIPAL,Louviers
M0340,Musée municipal,PONTARLIER,46.904221,6.354581,"46.904221,6.354581",MUNICIPAL,Pontarlier
M0277,Musée municipal,VENDÔME,47.797411,1.060868,"47.797411,1.060868",MUNICIPAL,Vendôme
M0858,Musée municipal,FORCALQUIER,43.96244494216208,5.774406171816429,"43.96244494216208,5.774406171816429",MUNICIPAL,Forcalquier
M0351,Musée municipal,POLIGNY,46.826619,5.723595,"46.826619,5.723595",MUNICIPAL,Poligny
M0144,Musée municipal,NUITS SAINT GEORGES,47.138661,4.950405,"47.138661,4.950405",MUNICIPAL,Nuits-Saint-Georges
M0709,Musée Municipal,BARENTIN,49.545218,0.952073,"49.545218,0.952073",MUNICIPAL,Barentin
M0672,Musée municipal,VIRE,48.835996,-0.888245,"48.835996,-0.888245",MUNICIPAL,Vire
M0289,Musée municipal,PITHIVIERS,48.172521,2.255004,"48.172521,2.255004",MUNICIPAL,Pithiviers
M0236,Musée municipal,VIERZON,47.225192,2.060639,"47.225192,2.060639",MUNICIPAL,Vierzon
M0307,Musée municipal,CHALONS EN CHAMPAGNE,48.957043,4.3637,"48.957043,4.3637",MUNICIPAL,Châlons-en-Champagne
M0937,Musée municipal,HYERES,43.119997,6.130519,"43.119997,6.130519",MUNICIPAL,Hyères
M0701,Musée Municipal,BERNAY,49.088944,0.598806,"49.088944,0.598806",MUNICIPAL,Bernay
M1099,Musée municipal,ELBEUF SUR SEINE,49.285546,1.006479,"49.285546,1.006479",MUNICIPAL,Elbeuf-sur-Seine
M0945,Musée municipal d'archéologie,APT,43.875736,5.397687,"43.875736,5.397687",MUNICIPAL D ARCHEOLOGIE,Apt
M0561,Musée municipal d'art et d'histoire,SAINT GAUDENS,43.106737,0.723417,"43.106737,0.723417",MUNICIPAL D ART ET D HISTOIRE,Saint-Gaudens
M0409,Musée Municipal d'Art et d'Histoire,COLOMBES,48.923321,2.252039,"48.923321,2.252039",MUNICIPAL D ART ET D HISTOIRE,Colombes
M0673,Musée municipal de l'Avranchin,AVRANCHES,48.687696,-1.363384,"48.687696,-1.363384",MUNICIPAL DE L AVRANCHIN,Avranches
M0846,Musée municipal de l’hôtel de Sully,CHATELLERAULT,46.81393,0.536238,"46.81393,0.536238",MUNICIPAL DE L’HÔTEL DE SULLY,Châtellerault
M0087,Musée municipal des beaux-arts,AGEN,44.202895,0.615471,"44.202895,0.615471",MUNICIPAL DES BEAUX ARTS,Agen
M0510,Musée municipal des émaux et faïences,LONGWY,49.525383,5.761951,"49.525383,5.761951",MUNICIPAL DES EMAUX ET FAIENCES,Longwy
M0403,Musée municipal Robert Dubois-Corneau,BRUNOY,48.700303,2.500266,"48.700303,2.500266",MUNICIPAL ROBERT DUBOIS CORNEAU,Brunoy
M0418,MUS - musée d'histoire urbaine et sociale de Suresnes,SURESNES,48.868303,2.221944,"48.868303,2.221944",MUS D HISTOIRE URBAINE ET SOCIALE DE SURESNES,Suresnes
M5050,Musée national d'art moderne (centre national d’art et de culture Georges Pompidou),CALAIS,48.86080432275963,2.3522235406355176,"48.86080432275963,2.3522235406355176",NATIONAL D ART MODERNE CENTRE NATIONAL D’ART ET DE CULTURE GEORGES POMPIDOU,Calais
M5067,Musée National de l'Education,ROUEN,49.441397,1.101667,"49.441397,1.101667",NATIONAL DE L EDUCATION,Rouen
M5084,Musée national de l'histoire et des cultures de l'immigration,PARIS,48.836753,2.390394,"48.836753,2.390394",NATIONAL DE L HISTOIRE ET DES CULTURES DE L IMMIGRATION,Paris
M5059,Musée national de la Légion d'honneur et des ordres de chevalerie,PARIS,48.860294,2.324768,"48.860294,2.324768",NATIONAL DE LA LEGION D HONNEUR ET DES ORDRES DE CHEVALERIE,Paris
M5046,Musée national de la Maison Bonaparte,AJACCIO,41.917701,8.73795,"41.917701,8.73795",NATIONAL DE LA MAISON BONAPARTE,Ajaccio
M5026,Musée national de La Marine,PARIS,48.862218,2.287415,"48.862218,2.287415",NATIONAL DE LA MARINE,Paris
M5016,Musée national des châteaux de Malmaison et de Bois Préau,RUEIL MALMAISON,48.872741,2.169092,"48.872741,2.169092",NATIONAL DES CHATEAUX DE MALMAISON ET DE BOIS PREAU,Rueil-Malmaison
M5009,Musée national du château de Compiègne,COMPIEGNE,49.411103,2.81806,"49.411103,2.81806",NATIONAL DU CHATEAU DE COMPIEGNE,Compiègne
M5013,Musée national du château de Fontainebleau,FONTAINEBLEAU,48.398657,2.701763,"48.398657,2.701763",NATIONAL DU CHATEAU DE FONTAINEBLEAU,Fontainebleau
M5017,Musée national du château de Pau,PAU,43.294699,-0.374378,"43.294699,-0.374378",NATIONAL DU CHATEAU DE PAU,Pau
M5027,Musée National du Sport,NICE,43.703829,7.191059,"43.703829,7.191059",NATIONAL DU SPORT,Nice
M5028,Musée national Fernand Léger,BIOT,43.620705,7.112317,"43.620705,7.112317",NATIONAL FERNAND LEGER,Biot
M5011,Musée national Magnin,DIJON,47.320958,5.042189,"47.320958,5.042189",NATIONAL MAGNIN,Dijon
M0902,Museon Arlaten,ARLES,43.54073,4.676089,"43.54073,4.676089",ON ARLATEN,Arles
M0445,palais-musée des archevêques de Narbonne,NARBONNE,43.184165346978,3.00427053368551,"43.184165346978,3.00427053368551",PALAIS DES ARCHEVEQUES DE NARBONNE,Narbonne
M0324,Musée palais Fesch,AJACCIO,41.922406,8.738487,"41.922406,8.738487",PALAIS FESCH,Ajaccio
M1108,"Palais Galliera, musée de la mode de la ville de Paris",PARIS,48.86613680546336,2.297248499625773,"48.866136805463356,2.297248499625773",PALAIS GALLIERA DE LA MODE DE LA VILLE DE PARIS,Paris
M1041,Musée Paul Dini,VILLEFRANCHE SUR SAÔNE,45.991087,4.721763,"45.991087,4.721763",PAUL DINI,Villefranche-sur-Saône
M0565,Musée Paul Dupuy,TOULOUSE,43.596898,1.446935,"43.596898,1.446935",PAUL DUPUY,Toulouse
M0484,Musée Paul Valéry,SETE,43.395286,3.689742,"43.395286,3.689742",PAUL VALERY,Sète
M1111,"petit Palais, musée des beaux-arts de la ville de Paris",PARIS,48.86609,2.313763,"48.86609,2.313763",PETIT PALAIS DES BEAUX ARTS DE LA VILLE DE PARIS,Paris
M0867,Musée Picasso,ANTIBES,43.580973,7.127959,"43.580973,7.127959",PICASSO,Antibes
M5043,Musée Picasso,PARIS,48.8597,2.362644,"48.8597,2.362644",PICASSO,Paris
M0731,Musée Pierre Corneille,ROUEN,49.443051,1.086748,"49.443051,1.086748",PIERRE CORNEILLE,Rouen
M0722,Musée Pierre Corneille,PETIT COURONNE,49.389368,1.0216,"49.389368,1.0216",PIERRE CORNEILLE,Petit-Couronne
M0464,Musée Pierre-de-Luxembourg,VILLENEUVE LES AVIGNON,43.965433,4.796403,"43.965433,4.796403",PIERRE DE LUXEMBOURG,Villeneuve-lès-Avignon
M0749,Musée Pincé,ANGERS,47.471767,-0.551841,"47.471767,-0.551841",PINCE,Angers
M0859,prieuré de Salagon,MANE,45.533526,5.992423,"45.533526,5.992423",PRIEURE DE SALAGON,Mane
M0602,Musée Raymond Lafage,LISLE SUR TARN,43.852819,1.809853,"43.852819,1.809853",RAYMOND LAFAGE,Lisle-sur-Tarn
M0900,Musée Réattu,ARLES,43.679186,4.627903,"43.679186,4.627903",REATTU,Arles
M0683,Musée Richard Anacréon,GRANVILLE,48.838549,-1.600543,"48.838549,-1.600543",RICHARD ANACREON,Granville
M0763,Musée Robert Tatin,COSSE LE VIVIEN,47.942514,-0.906893,"47.942514,-0.906893",ROBERT TATIN,Cossé-le-Vivien
M5044,Musée Rodin,PARIS,48.855868,2.31598,"48.855868,2.31598",RODIN,Paris
M0161,Musée Rolin,AUTUN,46.945723,4.299216,"46.945723,4.299216",ROLIN,Autun
M0854,Musée Rupert de Chièvres,POITIERS,46.580602,0.337972,"46.580602,0.337972",RUPERT DE CHIEVRES,Poitiers
M0164,Musée Saint-Nazaire,BOURBON LANCY,46.624065,3.768545,"46.624065,3.768545",SAINT NAZAIRE,Bourbon-Lancy
M0563,Musée Saint-Raymond,TOULOUSE,43.608897,1.441776,"43.608897,1.441776",SAINT RAYMOND,Toulouse
M0312,Musée Saint-Remi,REIMS,49.243111,4.040351,"49.243111,4.040351",SAINT REMI,Reims
M0235,Musée Saint-Vic,SAINT AMAND MONTROND,46.720657,2.506654,"46.720657,2.506654",SAINT VIC,Saint-Amand-Montrond
M0852,Musée Sainte-Croix,POITIERS,46.581142,0.344434,"46.581142,0.344434",SAINTE CROIX,Poitiers
M0586,Musée Saliès,BAGNERES DE BIGORRE,43.063744,0.146227,"43.063744,0.146227",SALIES,Bagnères-de-Bigorre
M0341,Musée Sarret de Grozon,ARBOIS,46.902604,5.774717,"46.902604,5.774717",SARRET DE GROZON,Arbois
M1061,Musée Schoelcher,POINTE A PITRE,16.237697,-61.537737,"16.237697,-61.537737",SCHOELCHER,Pointe-à-Pitre
M5019,Sèvres – Cité de la Céramique,SEVRES,45.861683,5.947732,"45.861683,5.947732",SEVRES – CITE DE LA CERAMIQUE,Sèvres
M0143,Musée site Buffon,MONTBARD,47.62578588114577,4.336985936365956,"47.62578588114577,4.336985936365956",SITE BUFFON,Montbard
M5082,site du musée national de la marine,ROCHEFORT,45.934947,-0.958113,"45.934947,-0.958113",SITE DU NATIONAL DE LA MARINE,Rochefort
M0024,Musée Sundgauvien,ALTKIRCH,47.623329,7.237204,"47.623329,7.237204",SUNDGAUVIEN,Altkirch
M0655,tapisserie de Bayeux- musée historique Baron Gérard,BAYEUX,49.275149,-0.703769,"49.275149,-0.703769",TAPISSERIE DE BAYEUX HISTORIQUE BARON GERARD,Bayeux
M0438,Musée Tavet Delacour,PONTOISE,49.050929,2.099776,"49.050929,2.099776",TAVET DELACOUR,Pontoise
M0677,Musée Thomas-Henry,CHERBOURG EN COTENTIN,49.637103,-1.623062,"49.637103,-1.623062",THOMAS HENRY,Cherbourg-en-Cotentin
M1098,Musée Tomi Ungerer,STRASBOURG,48.585747,7.755028,"48.585747,7.755028",TOMI UNGERER,Strasbourg
M7048,muséum-Aquarium de Nancy,NANCY,48.695072,6.188467,"48.695072,6.188467",UM AQUARIUM DE NANCY,Nancy
M7011,muséum d'histoire naturelle,BESANCON,47.236687,6.022095,"47.236687,6.022095",UM D HISTOIRE NATURELLE,Besançon
M7050,muséum d'histoire naturelle,NICE,43.701924,7.279572,"43.701924,7.279572",UM D HISTOIRE NATURELLE,Nice
M7012,muséum d'histoire naturelle,ROUEN,49.447268,1.098932,"49.447268,1.098932",UM D HISTOIRE NATURELLE,Rouen
M7015,muséum d'histoire naturelle,LE HAVRE,49.487552,0.108231,"49.487552,0.108231",UM D HISTOIRE NATURELLE,Le Havre
M7013,muséum d'histoire naturelle,TOULOUSE,43.594189,1.448945,"43.594189,1.448945",UM D HISTOIRE NATURELLE,Toulouse
M7038,muséum d'Histoire Naturelle,GRENOBLE,45.188059,5.735163,"45.188059,5.735163",UM D HISTOIRE NATURELLE,Grenoble
M7051,muséum d'histoire naturelle et de préhistoire,NIMES,43.83798099757179,4.363712139325677,"43.83798099757179,4.363712139325677",UM D HISTOIRE NATURELLE ET DE PREHISTOIRE,Nîmes
M0678,muséum Emmanuel-Liais,CHERBOURG EN COTENTIN,49.6429,-1.630729,"49.6429,-1.630729",UM EMMANUEL LIAIS,Cherbourg-en-Cotentin
M0162,Musée Verger-Tarin,AUTUN,46.944097,4.29973,"46.944097,4.29973",VERGER TARIN,Autun
M0736,Musée Victor Hugo,VILLEQUIER,49.511951,0.673374,"49.511951,0.673374",VICTOR HUGO,Villequier
M0876,Villa-Musée Jean-Honoré Fragonard,GRASSE,43.656739,6.921091,"43.656739,6.921091",VILLA JEAN HONORE FRAGONARD,Grasse
M0350,Viséum-musée de la lunette (collections du musée de la lunette et du musée Jourdain),MOREZ,46.521,6.022578,"46.521,6.022578",VISEUM DE LA LUNETTE COLLECTIONS DU DE LA LUNETTE ET DU JOURDAIN,Morez
M0165,Musée Vivant Denon,CHALON SUR SAÔNE,46.78105,4.853082,"46.78105,4.853082",VIVANT DENON,Chalon-sur-Saône
M0022,Musée Westercamp,WISSEMBOURG,49.038815,7.944344,"49.038815,7.944344",WESTERCAMP,Wissembourg
M0191,Musée Zervos,VEZELAY,47.464133,3.74361,"47.464133,3.74361",ZERVOS,Vézelay
M0923,Musée Ziem,MARTIGUES,43.408628,5.055033,"43.408628,5.055033",ZIEM,Martigues
M0921,,MARSEILLE,43.296912,5.369494,"43.296912,5.369494",,Marseille
