metier_search,metier
ADAPTATEUR,adaptateur
ADMINISTRATEUR,administrateur
AFFICHISTE,affichiste
AQUAFORTISTE,aquafortiste
AQUARELLISTE,aquarelliste
ARCHEOLOGUE,archéologue
ARCHETIER,archetier
ARCHITECTE,architecte
ARMURIER,armurier
ARQUEBUSIER,arquebusier
ARTISAN,artisan
ARTISTE,artiste
ASTRONOME,astronome
ATELIER DE CERAMIQUE,atelier de céramique
AUTEUR,auteur
AUTEUR DE COSTUMES,auteur de costumes
AUTEUR DE LA COMPOSITION,auteur de la composition
AUTEUR DE LA FORME,auteur de la forme
AUTEUR DE LA PATINE,auteur de la patine
AUTEUR DE LA TRADUCTION,auteur de la traduction
AUTEUR DES ORNEMENTS,auteur des ornements
AUTEUR DU DECOR,auteur du décor
AUTEUR DU GRAFFITI,auteur du graffiti
AUTEUR DU MODELE,auteur du modèle
BIJOUTIER,bijoutier
BOTTIER,bottier
BRODEUR,brodeur
BRONZIER,bronzier
BRUNISSEUR,brunisseur
BURALISTE,buraliste
BURONNIER,buronnier
CADRANIER,cadranier
CALLIGRAPHE,calligraphe
CANONNIER,canonnier
CARICATURISTE,caricaturiste
CARROSSIER,carrossier
CARTIER,cartier
CARTOGRAPHE,cartographe
CARTONNIER,cartonnier
CERAMISTE,céramiste
CHAPELIER,chapelier
CHARPENTIER,charpentier
CHIMISTE,chimiste
CHROMOTYPOGRAPHE,chromotypographe
CISELEUR,ciseleur
CLOUTIER,cloutier
COMMERCANT,commerçant
COMPASSIER,compassier
COMPOSITEUR,compositeur
CONCEPTEUR,concepteur
CONSTRUCTEUR,constructeur
COPISTE,copiste
CORDONNIER,cordonnier
COROPLATHE,coroplathe
COUTELIER,coutelier
COUTURIER,couturier
CREATEUR,créateur
CRISTALLERIE,cristallerie
DECORATEUR,décorateur
DENTELIER,dentelier
DEPOSITAIRE,dépositaire
DESIGNER,designer
DESSINATEUR,dessinateur
DIAGRAPHE,diagraphe
DIFFUSEUR,diffuseur
DINANDIER,dinandier
DIRECTEUR,directeur
DISTRIBUTEUR,distributeur
DOMINOTIER,dominotier
DOREUR,doreur
EBENISTE,ébéniste
ECRIVAIN,écrivain
ELEVE,élève
EMAILLEUR,émailleur
EMAILLOGRAPHE,émaillographe
EMETTEUR,émetteur
ENCADREUR,encadreur
ENLUMINEUR,enlumineur
ENTOURAGE,entourage
ENTREPRENEUR,entrepreneur
EVENTAILLISTE,éventailliste
EXECUTANT,exécutant
FABRICANT,fabricant
FACTEUR,facteur
FACTEUR DE PIANOS,facteur de pianos
FAIENCIER,faïencier
FERBLANTIER,ferblantier
FERRONNIER,ferronnier
FONDEUR,fondeur
FORGERON,forgeron
GEOGRAPHE,géographe
GEOMETRE,géomètre
GRAPHISTE,graphiste
GRAVEUR,graveur
HELIOGRAVEUR,héliograveur
HORLOGER,horloger
HYDROGRAPHE,hydrographe
ILLUSTRATEUR,illustrateur
IMITATEUR,imitateur
IMPRIMEUR,imprimeur
IMPRIMEUR PHOTOGRAPHIQUE,imprimeur photographique
IMPRIMEUR PHOTOTYPIQUE,imprimeur phototypique
INDIENNEUR,indienneur
INGENIEUR,ingénieur
INVENTEUR,inventeur
IVOIRIER,ivoirier
JOAILLIER,joaillier
LAQUEUR,laqueur
LIBRAIRE,libraire
LINGERE,lingère
LISEUR,liseur
LISSIER,lissier
LITHOGRAPHE,lithographe
LUNETIER,lunetier
LUTHIER,luthier
MANUFACTURIER,manufacturier
MAQUETTISTE,maquettiste
MARBRERIE,marbrerie
MARCHAND,marchand
MARIN,marin
MECANICIEN,mécanicien
MEDAILLEUR,médailleur
MENUISIER,menuisier
METTEUR AUX POINTS,metteur aux points
METTEUR EN CARTE,metteur en carte
MINEUR,mineur
MINIATURISTE,miniaturiste
MODELEUR,modeleur
MOULEUR,mouleur
NEGOCIANT,négociant
OPTICIEN,opticien
ORFEVRE,orfèvre
ORNEMANISTE,ornemaniste
PANTOGRAPHE,pantographe
PAPETIER,papetier
PARFUMEUR,parfumeur
PAROLIER,parolier
PASTELLISTE,pastelliste
PEINTRE,peintre
PEINTRE COPISTE,peintre copiste
PEINTRE DE FIGURES,peintre de figures
PEINTRE DE PORCELAINE,peintre de porcelaine
PEINTRE DE VASE,peintre de vase
PEINTRE MINIATURISTE,peintre miniaturiste
PEINTRE SUR FAIENCE,peintre sur faïence
PHOTOCHROMIE,photochromie
PHOTOGRAPHE,photographe
PHOTOGRAPHE PHOTOMECANIQUES,photographe photomecaniques
PHOTOGRAVEUR,photograveur
PHOTOTYPISTE,phototypiste
PLASTICIEN,plasticien
PLATRIER,plâtrier
PLOMMIER,plommier
POETE,poète
POTIER,potier
POULLIEUR,poullieur
PRATICIEN,praticien
PREPARATEUR,préparateur
PROMOTEUR IMMOBILIER,promoteur immobilier
PUBLICISTE,publiciste
REALISATEUR,réalisateur
RECEVEUR DES POSTES,receveur des postes
REDACTEUR,rédacteur
REDUCTEUR,réducteur
RELIEUR,relieur
REPAREUR,répareur
RESINIER,résinier
RESTAURATEUR,restaurateur
SABOTIER,sabotier
SCENARISTE,scénariste
SCRIBE ROYAL,scribe royal
SCULPTEUR,sculpteur
SELLIER,sellier
SERRURIER,serrurier
SOEUR,soeur
STYLISTE,styliste
SUCCESSEUR,successeur
SUIVEUR,suiveur
TAILLEUR,tailleur
TAPISSIER,tapissier
TAXIDERMISTE,taxidermiste
TIREUR,tireur
TISSERAND,tisserand
TISSEUR,tisseur
TONNELIER,tonnelier
TOURNEUR,tourneur
TRADUCTEUR,traducteur
TUILIER,tuilier
TYPOGRAPHE,typographe
VANNIER,vannier
VERNISSEUR,vernisseur
VERRIER,verrier
